Syllabus,Acc
RE,0.761300027
BASELINE,0.772099972
ENTROPY,0.777100027
MI,0.791999996
SSIM,0.792299986
JE,0.793900013
L1,0.79519999
CROSS,0.798200011
L2,0.802100003
PSNR,0.806299984
CE,0.808700025
MAX,0.81129998
KL,0.814800024
