Syllabus,Acc
MI,0.259299994
ENTROPY,0.374300003
CROSS,0.394199997
PSNR,0.398499995
RE,0.398999989
L2,0.404199988
CE,0.404599994
L1,0.407099992
KL,0.408399999
MAX,0.418000013
JE,0.418099999
SSIM,0.4208
BASELINE,0.424899995
EI,0.433800012
